{
  "axis": {
    "ra_deg": 170.0,
    "dec_deg": 40.0
  },
  "filters": {
    "DM_min": 800.0,
    "|b|_min": 20.0,
    "N_FRB": 100
  },
  "fit": {
    "A": -92.40611805928107,
    "phi0_deg": 154.87884337416162,
    "C": 1.8328742079631866e-08,
    "R2": 0.5780475387235722
  }
}