{
  "A": -102.92004351090185,
  "phi0": 157.47992294992127,
  "C": 0.09944824718628033,
  "D": 17.905082213459227,
  "R2": 0.5837184350520908
}