{
  "N_axes": 1000,
  "N_FRB": 100,
  "A_obs": 92.40611805928107,
  "R2_obs": 0.5780475387235722,
  "A_mean": 53.48696539500637,
  "R2_mean": 0.22294428781225706,
  "z_A": 1.301385797129699,
  "z_R2": 1.7460735066437005,
  "p_A": 0.127,
  "p_R2": 0.08,
  "step_deg": 2.0,
  "seed": 20251031
}