{
  "timestamp": "2025-10-31T07:43:20.388355Z",
  "axis": {
    "ra_deg": 170.0,
    "dec_deg": 40.0
  },
  "filters": {
    "DM_min": 800.0,
    "|b|_min": 20.0,
    "N_FRB": 100
  },
  "observed_fit": {
    "A": -92.40611805928107,
    "phi0_deg": 154.87884337416162,
    "C": 1.8328742079631866e-08,
    "R2": 0.5780475387235722
  },
  "permutation_test": {
    "N_perm": 2000,
    "p_perm_absA": 0.5965,
    "p_perm_R2": 0.6875,
    "absA_null_stats": {
      "mean": 115.00558837713044,
      "p95": 228.49164252969786
    },
    "R2_null_stats": {
      "mean": 0.6576431477269535,
      "p95": 0.9379101465161052
    }
  },
  "bootstrap": {
    "N_boot": 1000,
    "A_CI95": {
      "lo": -228.37601237294368,
      "med": 85.30814318773115,
      "hi": 268.1493091937265
    },
    "phi_CI95": {
      "lo": 6.311916496560758,
      "med": 198.75141363462842,
      "hi": 352.2703419303338
    },
    "R2_CI95": {
      "lo": 0.05013676854265415,
      "med": 0.609881314704537,
      "hi": 0.9294171723581061
    }
  }
}